,close,lat,lon,open
0,23:00:00,51.5143449,-0.107315,11:00:00
1,23:00:00,51.5068261,-0.194781,11:00:00
2,23:30:00,51.5096642,-0.1259343,10:30:00
3,23:00:00,51.501462,-0.155004,12:00:00
4,23:00:00,51.517294236118,-0.12157103373648,12:00:00
5,23:00:00,51.49135039773,-0.13753688795203,12:00:00
6,23:30:00,51.4919236,-0.1922929,08:00:00
7,00:00:00,51.5167515074354,-0.135977268218994,07:00:00
8,00:00:00,51.524392008967,-0.0729131698608398,12:00:00
9,23:00:00,51.51213429293,-0.10372875314406,10:00:00
10,23:00:00,51.511695614013,-0.12572690505399,11:00:00
11,23:00:00,51.5104003,-0.1235394,12:00:00
12,23:30:00,51.491901,-0.140515,11:00:00
13,23:00:00,51.505787326816,-0.198597460985184,12:00:00
14,23:00:00,51.5184387,-0.1074239,11:00:00
15,23:00:00,51.5579124,-0.1793261,12:00:00
16,23:00:00,51.503489520908,-0.10225512172207,12:00:00
17,23:00:00,51.47653480684,-0.0095805481062472,12:00:00
18,23:00:00,51.509588,-0.126792,11:00:00
19,23:00:00,51.5100255,-0.1922685,12:00:00
20,23:00:00,51.5040031333562,-0.0902946426058238,11:00:00
21,23:00:00,51.501782997115,-0.053587722326993,11:00:00
22,23:00:00,51.5172487,-0.119072165950775,11:00:00
23,23:00:00,51.5007804,-0.0816385,08:00:00
24,23:00:00,51.523006611062,-0.11052050667234,12:00:00
25,23:00:00,51.532743541534,-0.111029873092527,12:00:00
26,23:00:00,51.524567356394,-0.12502513122867,10:00:00
27,23:00:00,51.4992491095565,-0.180797918037262,12:00:00
28,23:00:00,51.521759651743,-0.10411592018887,11:00:00
29,23:00:00,51.5232408423047,-0.103924836781924,12:00:00
30,21:00:00,51.5061193239226,-0.0887993531057241,13:00:00
31,23:00:00,51.512565,-0.142204,11:00:00
32,23:00:00,51.5211343546751,-0.077977180480957,11:00:00
33,23:00:00,51.552982223333,-0.13954697681192,12:00:00
34,00:00:00,51.5017821676253,-0.00774186701236745,11:00:00
35,23:00:00,51.507241,-0.128521,09:00:00
36,23:30:00,51.523959386643,-0.067309584978472,16:00:00
37,23:00:00,51.518572,-0.11285,11:30:00
38,23:00:00,51.5363390811417,-0.0618530896556768,12:00:00
39,23:00:00,51.51496,-0.113605,11:00:00
40,23:00:00,51.524436,-0.110217,12:00:00
41,23:00:00,51.499761921973,-0.21544145627873,12:00:00
42,01:00:00,51.538436085252,-0.10255137447907,11:00:00
43,23:00:00,51.508561647029,-0.10155056446805,10:00:00
44,03:00:00,51.514867642482,-0.13033772564174,16:00:00
45,23:00:00,51.504575,-0.109812,11:00:00
46,23:00:00,51.509547,-0.080753,11:00:00
47,23:00:00,51.527072,-0.089101,11:00:00
48,23:00:00,51.507376,-0.125215,11:00:00
49,00:00:00,51.5420528007817,-0.145188522376795,12:00:00
50,23:30:00,51.5345940382283,-0.0987110343933182,12:00:00
51,23:30:00,51.513274,-0.130205,08:00:00
52,23:30:00,51.496805173579,-0.19253351618059,12:00:00
53,23:00:00,51.508878565194,-0.033953656209499,17:30:00
54,23:00:00,51.490546348798,-0.23483216570651,11:00:00
55,23:30:00,51.4940987,-0.1820899,10:00:00
56,23:00:00,51.4928650556698,-0.181306525714939,11:00:00
57,23:00:00,51.4925789,-0.1392194,12:00:00
58,23:00:00,51.521631129366,-0.075701769218441,12:00:00
59,00:00:00,51.51575,-0.125786,12:00:00
60,02:00:00,51.51133268862,-0.132260700285844,10:00:00
61,23:30:00,51.5011023479342,-0.125518888411698,10:00:00
62,23:00:00,51.511656071976,-0.17697194507093,10:00:00
63,23:00:00,51.506185788855,-0.091168467449335,12:00:00
64,23:30:00,51.4742798177502,-0.200564861297607,09:30:00
65,23:00:00,51.512402291238,-0.1332218348806,16:00:00
66,00:00:00,51.54293,-0.148285,12:00:00
67,23:00:00,51.501344,-0.157104,11:00:00
68,23:00:00,51.5011315371,-0.104388336058516,11:00:00
69,23:00:00,51.5151013043723,-0.133124215362068,12:00:00
70,23:00:00,51.496972727492,-0.19898382361723,12:00:00
71,23:00:00,51.511253,-0.127355,11:00:00
72,23:00:00,51.463754900771,-0.18822486471542,11:00:00
73,22:00:00,51.514624,-0.12241,10:00:00
74,23:00:00,51.4783074,-0.1701164,12:00:00
75,23:00:00,51.5212536525584,-0.109707254640565,12:00:00
76,23:00:00,51.526032086412,-0.11009303944619,11:00:00
77,23:00:00,51.504794060355,-0.11069307491512,12:00:00
78,23:30:00,51.52985,-0.130071,08:00:00
79,23:30:00,51.5182144172415,-0.125971101400664,11:00:00
80,23:00:00,51.526323227476,-0.11139933433552,12:00:00
81,00:00:00,51.537282510479,-0.10052271120821,12:00:00
82,23:00:00,51.5697613070383,-0.17402172088623,12:00:00
83,23:30:00,51.4968774,-0.2326856,12:00:00
84,00:00:00,51.5623655,-0.0733491,16:00:00
85,23:00:00,51.5685286055513,-0.108207944110859,12:00:00
86,23:00:00,51.4864250632564,-0.000460690489976864,11:00:00
87,00:00:00,51.522064813494,-0.0865259200196924,12:00:00
88,23:00:00,51.511728,-0.182899,12:00:00
89,23:00:00,51.5127562447879,-0.112786529265547,12:00:00
90,23:00:00,51.513418975746,-0.12975025103142,10:00:00
91,23:00:00,51.499126,-0.136835,11:00:00
92,23:00:00,51.514029972765,-0.13189415773159,10:00:00
93,00:00:00,51.546187,-0.141548,12:00:00
94,23:30:00,51.5339046,-0.0996945,12:00:00
95,23:00:00,51.5233037072011,-0.119153724223369,12:00:00
96,21:45:00,51.520379987562,-0.100604295730591,07:00:00
97,23:00:00,51.493255,-0.144796,10:00:00
98,23:00:00,51.500486,-0.091668,11:00:00
99,23:00:00,51.500958539592,-0.0951180415421534,12:00:00
100,23:00:00,51.50691920617,-0.20699787084123,12:00:00
101,00:00:00,51.4971267,-0.1685154,10:00:00
102,23:00:00,51.4994295095615,-0.188299279589993,11:00:00
103,23:00:00,51.513973,-0.111498,11:00:00
104,23:00:00,51.5185617814394,-0.134738874084618,11:00:00
105,23:00:00,51.508493408063,-0.14612577314659,11:00:00
106,23:00:00,51.513314298626,-0.13660895612177,12:00:00
107,23:00:00,51.514035555048,-0.13426389935721,12:00:00
108,23:00:00,51.5028699547583,-0.0769468034392541,12:00:00
109,23:00:00,51.5090688,-0.1494544,12:00:00
110,23:00:00,51.5103619137516,-0.12124008027435,10:00:00
111,23:00:00,51.539470248288,-0.14222360058202,11:00:00
112,23:00:00,51.500759283707,-0.081935039257191,11:00:00
113,23:00:00,51.5586532,-0.1736517,12:00:00
114,23:30:00,51.5110196,-0.1268381,12:00:00
115,22:00:00,51.518156559194,-0.13516434068553,18:00:00
116,23:00:00,51.502079,-0.1256551,10:00:00
117,23:00:00,51.5283869050483,-0.0561702696149043,16:00:00
118,23:00:00,51.515375,-0.112002,09:00:00
119,23:00:00,51.5242281,-0.0755564,11:00:00
120,22:30:00,51.4834140528273,-0.00781059265136719,10:00:00
121,00:00:00,51.5169119,-0.0730395,11:00:00
122,23:00:00,51.4901799173075,-0.176835191645897,11:00:00
123,23:00:00,51.5111615717056,-0.197776111893149,12:00:00
124,23:00:00,51.529519562834,-0.069272294901179,18:00:00
125,23:00:00,51.5126599026214,-0.13175952435253,12:00:00
126,23:00:00,51.5165633,-0.1699189,11:00:00
127,00:00:00,51.5120611,-0.1312182,11:00:00
128,23:00:00,51.5272581650888,-0.183075398850623,11:00:00
129,23:00:00,51.5071151879516,-0.0511241777638486,12:00:00
130,23:30:00,51.5108549,-0.1353599,11:00:00
131,00:00:00,51.527469891216,-0.080301875970497,12:00:00
132,23:00:00,51.5372627,-0.1096032,12:00:00
133,02:00:00,51.531721,-0.111874,12:00:00
134,00:00:00,51.463043717091,-0.12071344451921,15:00:00
135,23:00:00,51.531458,-0.0941266,15:00:00
136,23:00:00,51.536059,-0.14483,12:00:00
137,23:00:00,51.505117,-0.091086,11:00:00
138,00:00:00,51.4553348340329,-0.113342337031209,17:00:00
139,00:00:00,51.524399848824,-0.080219321432476,12:00:00
140,23:00:00,51.5054174,-0.1376293,11:00:00
141,00:00:00,51.5210975056641,-0.0726798381682561,12:00:00
142,23:30:00,51.51988692678,-0.151906623278819,12:00:00
143,23:00:00,51.4938141432655,-0.165918468624657,11:30:00
144,23:00:00,51.5270990865839,-0.135477733304641,11:30:00
145,00:00:00,51.519343967561,-0.074332497709741,12:00:00
146,00:00:00,51.5028678055572,-0.223828803556008,12:00:00
147,23:00:00,51.5132994,-0.0850051,11:00:00
148,23:00:00,51.527272173346,-0.078124255649731,08:00:00
149,23:00:00,51.506826,-0.070204,11:00:00
150,23:00:00,51.5123293,-0.1784365,12:00:00
151,00:00:00,51.5052600030019,-0.224417270971446,12:00:00
152,23:00:00,51.504827352652,-0.0910319201774978,12:00:00
153,23:00:00,51.511239,-0.119926,11:30:00
154,23:00:00,51.526102,-0.10918,12:00:00
155,23:00:00,51.506351,-0.146137,12:00:00
156,23:00:00,51.557504,-0.1193559,09:00:00
157,00:00:00,51.5179942,-0.0797256,10:00:00
158,23:00:00,51.5152469791282,-0.161370500226781,07:30:00
159,23:00:00,51.5109618508042,-0.0746805884683168,08:00:00
160,23:30:00,51.5302529,-0.1858404,08:00:00
161,23:00:00,51.510972875882,-0.12271331974513,11:00:00
162,00:00:00,51.5470215,-0.1592006,11:00:00
163,23:30:00,51.540044775754,-0.15082303800838,09:00:00
164,22:00:00,51.461788,-0.19945,12:00:00
165,00:00:00,51.523305722599,-0.10117923460476,12:00:00
166,00:00:00,51.5274626189481,-0.0817277988025526,11:00:00
167,23:00:00,51.569881303877,-0.15093969430275,12:00:00
168,01:00:00,51.5394590345575,-0.144588436605075,12:00:00
169,23:00:00,51.5393677,-0.109643,11:00:00
170,00:00:00,51.5048613912583,-0.090751543807337,10:00:00
171,23:00:00,51.5287234,-0.05184,12:00:00
172,23:00:00,51.507711,-0.124784,11:00:00
173,00:00:00,51.534841211123,-0.10728326048493,12:00:00
174,00:00:00,51.52333,-0.14392,12:00:00
175,23:00:00,51.505665,-0.122216,11:00:00
176,23:00:00,51.511383634016,-0.11949490508913,10:00:00
177,23:30:00,51.518998,-0.121565,12:00:00
178,23:00:00,51.5073160840731,-0.0928826769279723,11:00:00
179,23:00:00,51.518982158677,-0.13949710200281,10:00:00
180,23:00:00,51.554668,-0.165595,12:00:00
181,23:00:00,51.5112063244832,-0.1229647,10:00:00
182,23:00:00,51.5291312127725,-0.0404798984527588,12:30:00
183,02:00:00,51.543681,-0.200562,17:00:00
184,23:00:00,51.5550652,-0.1399303,17:00:00
185,00:00:00,51.498087870273,-0.090559191956849,12:00:00
186,23:00:00,51.5174052434907,-0.195656188796601,12:00:00
187,23:00:00,51.5108813894068,-0.128545337345369,09:00:00
188,23:00:00,51.5194920041177,-0.0992367730801488,12:00:00
189,23:00:00,51.5491689105851,-0.091323869277356,16:00:00
190,23:30:00,51.5331714391603,-0.0984316094161386,12:00:00
191,00:00:00,51.4757511346773,-0.0325703456536754,12:00:00
192,00:00:00,51.5314166,-0.1059079,12:00:00
193,22:30:00,51.5166613759148,-0.1672946,18:00:00
194,00:00:00,51.5288508792323,-0.21622896194458,16:00:00
195,23:00:00,51.5211944580078,-0.122731000185013,10:00:00
196,23:00:00,51.521525,-0.152094,12:00:00
197,00:00:00,51.5083618,-0.1939162,12:00:00
198,00:00:00,51.5406490507333,-0.0763718783855438,16:00:00
199,23:00:00,51.495911500699,-0.220385264436,11:00:00
200,01:00:00,51.5188111309845,-0.0710248947143555,10:00:00
201,23:00:00,51.5167171,-0.1414124,11:30:00
202,00:00:00,51.540283,-0.153757,09:00:00
203,23:00:00,51.512306097343,-0.1330333719202,12:00:00
204,00:00:00,51.5387413,-0.1417501,11:30:00
205,23:00:00,51.4963992,-0.1971653,11:30:00
206,23:00:00,51.521245508847,-0.12240711573289,10:00:00
207,23:00:00,51.518801591678,-0.16487160987353,12:00:00
208,23:00:00,51.5118095,-0.1347355,12:00:00
209,23:00:00,51.5754950115533,-0.15090279626407,12:00:00
210,23:30:00,51.516396827163,-0.132729090213047,12:00:00
211,23:00:00,51.556445,-0.177438,11:00:00
212,00:00:00,51.536355271762,-0.10161073774793,11:00:00
213,23:00:00,51.5409736633301,0.00256399996578693,12:00:00
214,23:00:00,51.5399264,-0.1369761,12:00:00
215,23:00:00,51.483506,-0.0036173,12:00:00
216,01:00:00,51.5374403159159,-0.14556884765625,12:00:00
217,23:00:00,51.5061232257884,-0.0829318047620194,11:00:00
218,23:00:00,51.523322,-0.107983,12:00:00
219,23:00:00,51.497704715101,-0.13551526516958,10:00:00
220,23:00:00,51.5125486371161,-0.137304334735711,11:00:00
221,23:00:00,51.5168354385822,-0.13730779234399,12:00:00
222,00:00:00,51.5317508144688,-0.122470923902793,12:00:00
223,23:00:00,51.5452816,-0.1461145,12:00:00
224,23:00:00,51.5277699,-0.1275271,11:00:00
225,23:00:00,51.5174144,-0.1190414,16:00:00
226,23:00:00,51.537645455254,-0.14489810718948,11:00:00
227,00:00:00,51.4927933,-0.193672,08:30:00
228,23:00:00,51.54937814426,-0.059258798955593,12:00:00
229,23:00:00,51.523162,-0.109186,11:00:00
230,23:00:00,51.511027,-0.125715,10:00:00
231,23:30:00,51.445294454711,-0.15265946814451,16:00:00
232,23:00:00,51.499962539179,-0.11444486609041,12:00:00
233,23:00:00,51.506150543269,-0.1468604094879,12:00:00
234,00:00:00,51.533085,-0.096837,11:00:00
235,00:00:00,51.442671525594,-0.14921327694168,10:45:00
236,00:00:00,51.5319649,-0.1091644,11:00:00
237,23:00:00,51.481648,-0.125624,12:00:00
238,23:00:00,51.463910676863,-0.14088832277338,11:00:00
239,23:30:00,51.5068459876851,-0.0917959213256836,10:00:00
240,23:30:00,51.5134253,-0.1287279,12:00:00
241,23:00:00,51.5110881,-0.1450063,11:00:00
242,23:30:00,51.50719324039,-0.11028596642862,09:00:00
243,00:00:00,51.543343093763,-0.081658119305034,12:00:00
244,23:00:00,51.5324330139593,-0.119722939541498,12:00:00
245,23:00:00,51.490670343906,-0.18321572156801,12:00:00
246,00:00:00,51.5469,-0.0979409,12:00:00
247,23:30:00,51.476711,-0.189864,12:00:00
248,23:30:00,51.508718,-0.141171,10:00:00
249,23:00:00,51.528421358155,-0.118502992464336,12:00:00
250,23:00:00,51.5186863972325,-0.1322340085036,09:00:00
251,23:00:00,51.505017937653,-0.089164495413355,09:00:00
252,23:30:00,51.526135018067,-0.080401044275851,12:00:00
253,23:00:00,51.5287171169289,-0.12669551345234,10:00:00
254,00:00:00,51.548765,-0.0876749,12:00:00
255,01:00:00,51.528315603431,-0.071073583929736,12:00:00
256,01:00:00,51.5301725,-0.0800395,17:00:00
257,23:00:00,51.5097845,-0.0784745,08:00:00
258,23:00:00,51.513189,-0.19365,10:00:00
259,23:00:00,51.537527020442,-0.060970820123419,12:00:00
260,23:00:00,51.532059935424,-0.063126905809179,17:00:00
261,23:00:00,51.5595177,-0.1195117,17:00:00
262,23:00:00,51.4980788,-0.1441126,11:00:00
263,01:00:00,51.5178888,-0.0654968,12:00:00
264,12:00:00,51.5821099309491,-0.0997781753540039,17:00:00
265,23:00:00,51.5145278,-0.1248218,11:00:00
266,00:00:00,51.464320462327,-0.12911971639507,12:00:00
267,23:00:00,51.543074428318,-0.1131795702213,11:00:00
268,23:00:00,51.5629563022984,-0.135686685771226,17:00:00
269,23:00:00,51.555508011248,-0.081779067944434,17:00:00
270,23:00:00,51.4992011,-0.1331396,10:00:00
271,23:00:00,51.502942065989,-0.075156569717723,12:00:00
272,23:00:00,51.504209,-0.10608,12:00:00
273,23:00:00,51.515413,-0.197582,11:00:00
274,23:00:00,51.4930096,-0.1382199,11:00:00
275,23:00:00,51.5117077,-0.119996,08:00:00
276,23:00:00,51.48980746464,-0.12263292569944,11:00:00
277,00:30:00,51.542969,-0.148471,12:00:00
278,23:00:00,51.4617628715705,-0.119304882058406,11:00:00
279,23:00:00,51.527843934058,-0.030848535628401,12:00:00
280,23:00:00,51.50966,-0.09176,11:00:00
281,23:30:00,51.5078653,-0.1414301,10:00:00
282,00:00:00,51.464161,-0.141772,16:00:00
283,23:00:00,51.524711,-0.116056,11:00:00
284,00:00:00,51.507981773893,-0.20348986933363,12:00:00
285,23:00:00,51.539001386137,-0.10697613674422,11:00:00
286,23:00:00,51.514587763527,-0.16622892139991,11:00:00
287,23:00:00,51.532050141789,-0.10195576789435,16:00:00
288,00:00:00,51.537467622288,-0.10305190851333,12:00:00
289,23:00:00,51.5176461,-0.1508037,11:00:00
290,23:00:00,51.47482491162,-0.12824973137905,17:00:00
291,00:00:00,51.5236819,-0.1586294,12:00:00
292,23:00:00,51.513384161247,-0.12717818336342,12:00:00
293,01:30:00,51.5407487,-0.1439448,09:00:00
294,23:00:00,51.5533582281898,-0.161629109534839,12:00:00
295,23:30:00,51.506469,-0.127544,08:00:00
296,23:00:00,51.545668644739,-0.16284509911221,12:00:00
297,00:00:00,51.51323,-0.1132096,11:00:00
298,23:00:00,51.5036856621497,-0.111490391566465,10:00:00
299,23:00:00,51.5142537404447,-0.0741825778724733,11:00:00
300,00:00:00,51.54105,-0.145651,09:00:00
301,23:00:00,51.570592625292,-0.11537473068545,12:00:00
302,00:00:00,51.539469324686,-0.14221785703329,12:00:00
303,23:00:00,51.484532,-0.278084,11:00:00
304,00:00:00,51.537232212707,-0.048917991861221,12:00:00
305,00:00:00,51.5272849,-0.0585125,13:00:00
306,23:00:00,51.5035540297327,-0.0760193780666896,12:00:00
307,23:00:00,51.5060769,-0.1268142,12:00:00
308,00:00:00,51.561041945562,-0.08369190682447,12:00:00
309,23:30:00,51.511223,-0.136342,10:00:00
310,23:30:00,51.5045555,-0.1470792,16:00:00
311,23:00:00,51.510787960705,-0.14376013232636,11:30:00
312,23:00:00,51.466091886711,-0.21680712641406,12:00:00
313,23:00:00,51.520197962564,-0.11736520057769,12:00:00
314,23:00:00,51.5006874,-0.1134172,12:00:00
315,00:00:00,51.5167265,-0.1196169,07:00:00
316,23:00:00,51.489373240701,-0.12863043011762,11:00:00
317,00:00:00,51.4634454718961,-0.113951215405806,12:00:00
318,23:00:00,51.511441,-0.135353,12:00:00
319,23:30:00,51.5149423,-0.176487,08:00:00
320,00:00:00,51.546316751421,-0.080570237405909,16:00:00
321,23:00:00,51.5091145544425,-0.123605865625027,15:00:00
322,23:00:00,51.520189172678,-0.074378809798434,11:00:00
323,23:30:00,51.510937,-0.134221,11:30:00
324,00:00:00,51.509326278255,-0.19737615403854,12:00:00
325,23:00:00,51.5619952,-0.0796315,11:00:00
326,23:00:00,51.538851092548,-0.098447589898249,12:00:00
327,22:00:00,51.499569,-0.131861,07:00:00
328,23:00:00,51.519688,-0.166799,00:00:00
329,00:00:00,51.4753843,-0.1508424,10:30:00
330,23:00:00,51.4929749,-0.2528627,11:00:00
331,23:00:00,51.490354579808,-0.23986074522155,11:00:00
332,23:00:00,51.515089795456,-0.19921683206984,12:00:00
333,23:00:00,51.492235,-0.257112,11:30:00
334,23:00:00,51.496259,-0.144861,10:00:00
335,00:00:00,51.573057,-0.150135,12:00:00
336,23:30:00,51.513355,-0.138676,10:00:00
337,00:00:00,51.476471418827,-0.12766745324286,17:00:00
338,00:00:00,51.516154171205,-0.1435722448198,12:00:00
339,23:00:00,51.527761,-0.090578,17:00:00
340,00:00:00,51.528866,-0.126207,10:00:00
341,23:00:00,51.5105043,-0.0795788,12:00:00
342,23:00:00,51.5135119561845,-0.14039636446181,10:00:00
343,23:00:00,51.550602,-0.141177,11:00:00
344,00:00:00,51.4712001,-0.1871549,12:00:00
345,00:00:00,51.54592054587,-0.08336591075097,16:00:00
346,00:00:00,51.5431390165177,-0.102782249450684,16:00:00
347,00:00:00,51.5615582,-0.0735528,12:00:00
348,23:00:00,51.520425,-0.184715,12:00:00
349,00:00:00,51.497369924632,-0.22744597662705,09:00:00
350,23:00:00,51.5134898614532,-0.202847849241705,12:00:00
351,23:30:00,51.4680098,-0.210154,10:00:00
352,23:00:00,51.4842456,-0.172349,12:00:00
353,23:30:00,51.5169799,-0.1252127,10:00:00
354,23:00:00,51.5233116149902,-0.138775005936623,12:00:00
355,23:00:00,51.5188873,-0.141489,12:00:00
356,23:00:00,51.509601451658,-0.13180934440401,12:00:00
357,23:00:00,51.454918,-0.1395549,11:00:00
358,23:00:00,51.53013,-0.124783,07:30:00
359,23:00:00,51.53835376274,-0.19124942880017,16:00:00
360,23:00:00,51.5133685,-0.1537988,11:00:00
361,23:30:00,51.549771394244,-0.14065004384714,12:00:00
362,00:00:00,51.5047582,-0.0899457,11:00:00
363,23:00:00,51.5560201,-0.1785851,11:00:00
364,23:00:00,51.489351,-0.1054,16:00:00
365,23:00:00,51.5462764,-0.0553846,12:00:00
366,23:00:00,51.5228548,-0.1989407,12:00:00
367,23:00:00,51.5139904,-0.1297503,10:00:00
368,23:00:00,51.5202949,-0.10429,12:00:00
369,23:00:00,51.4615158361667,-0.114824050446974,09:00:00
370,23:00:00,51.5023277095578,-0.190892890749938,11:00:00
371,23:30:00,51.513456,-0.130313,11:00:00
372,23:00:00,51.521927,-0.157037,10:00:00
373,23:00:00,51.506447664595,-0.0889493657602225,11:00:00
374,23:00:00,51.518584831483,-0.15375181564875,11:00:00
375,23:00:00,51.4680241602271,-0.089632600926266,11:00:00
376,00:00:00,51.5128987,-0.202625,09:00:00
377,23:00:00,51.5352673457958,-0.226482978512622,12:00:00
378,23:00:00,51.526706293889,-0.081699568947635,12:00:00
379,23:00:00,51.44632804873,-0.16532430282558,12:00:00
380,23:30:00,51.5085227719905,-0.104835658029761,09:00:00
381,23:00:00,51.5342636,-0.1713575,11:00:00
382,23:00:00,51.5356157,-0.1027805,12:00:00
383,23:00:00,51.523259,-0.105218,12:00:00
384,23:00:00,51.4987024,-0.1838958,11:00:00
385,23:00:00,51.4504451154626,-0.147951062269682,12:00:00
386,23:00:00,51.519289,-0.180465,10:00:00
387,23:00:00,51.5010388,-0.1898413,12:00:00
388,23:00:00,51.5168126382032,-0.126346126198769,12:00:00
389,23:00:00,51.5130048,-0.0701947,16:00:00
390,00:00:00,51.52299,-0.080363,11:30:00
391,23:30:00,51.5128236398608,-0.121268348851253,11:00:00
392,23:00:00,51.5414604,-0.1534141,12:00:00
393,00:00:00,51.5162557,-0.1242134,11:00:00
394,23:00:00,51.4929351140286,-0.217810317873955,11:00:00
395,23:30:00,51.5198091,-0.0571886,11:00:00
396,23:00:00,51.5217872,-0.1364284,12:00:00
397,23:00:00,51.5177154,-0.1337675,11:00:00
398,00:00:00,51.52785868668,-0.083682849353526,12:00:00
399,23:00:00,51.503459474011,-0.062040970427688,12:00:00
400,23:00:00,51.550610341315,-0.0865140174129,16:00:00
401,23:00:00,51.4884005,-0.1668445,12:00:00
402,23:00:00,51.4654645,-0.1293171,11:00:00
403,00:00:00,51.5378415002442,-0.144512793147517,12:00:00
404,23:00:00,51.5373454708311,-0.184152374621594,12:00:00
405,00:00:00,51.4987026,-0.1953806,11:00:00
406,23:00:00,51.518412,-0.1547968,11:00:00
407,00:00:00,51.459808,-0.074688,12:00:00
408,23:00:00,51.442982,-0.1507717,11:00:00
409,23:00:00,51.506578563167,-0.23737181932745,12:00:00
410,23:00:00,51.4735655,-0.2473874,11:00:00
411,23:30:00,51.51747,-0.08266,07:00:00
412,23:30:00,51.5138322646467,-0.132497728333694,12:00:00
413,23:00:00,51.556726,-0.056064,16:00:00
414,23:00:00,51.5511969965773,-0.191766442899339,12:00:00
415,23:00:00,51.506152,-0.147803,11:00:00
416,23:00:00,51.540532352311,-0.10850598909989,11:00:00
417,23:00:00,51.5137657,-0.1072865,11:30:00
418,00:00:00,51.494737833485,-0.17432038245518,11:00:00
419,23:00:00,51.559085,-0.0743996,12:00:00
420,23:00:00,51.560064342084,-0.078397684332918,12:00:00
421,00:00:00,51.515243,-0.091657,12:00:00
422,23:30:00,51.5140351,-0.1054301,10:00:00
423,23:00:00,51.452658043627,-0.103009296924256,11:00:00
424,23:00:00,51.4194924380548,-0.161529332399368,10:00:00
425,23:00:00,51.517867,-0.115445,09:00:00
426,23:00:00,51.4833607720752,-0.0258387609794808,12:00:00
427,23:00:00,51.488721108267,-0.12091580684024,08:00:00
428,23:00:00,51.495617,-0.146328,11:00:00
429,00:00:00,51.52792278892,-0.077923841826091,12:00:00
430,23:00:00,51.5010878152924,-0.0937130878190364,12:00:00
431,23:00:00,51.506103515625,-0.13790600001812,11:00:00
432,23:00:00,51.4928347393293,-0.235584788024425,08:00:00
433,00:00:00,51.4886941848,-0.19163718164352,12:00:00
434,23:00:00,51.516300805546,-0.10179430096014,10:00:00
435,23:00:00,51.447003572129,-0.18955116391547,12:00:00
436,23:00:00,51.4942428,-0.1324512,10:00:00
437,23:00:00,51.537515055852,-0.086878003081986,12:00:00
438,00:00:00,51.47134957157,-0.112795614647525,16:30:00
439,23:00:00,51.5025634765625,-0.116738997399807,10:30:00
440,23:00:00,51.546772,-0.1444278,12:00:00
441,00:00:00,51.522987,-0.137029,07:00:00
442,23:00:00,51.526136499229,-0.081096167561476,11:00:00
443,23:00:00,51.4944551,-0.2274777,12:00:00
444,00:00:00,51.527621,-0.085272,12:00:00
445,23:00:00,51.490952961269,-0.182529953741,11:00:00
446,23:00:00,51.519382080657,-0.19480980437372,17:00:00
447,23:00:00,51.515364536904,-0.13738286424908,12:00:00
448,23:00:00,51.5158990167678,-0.176687428861393,08:00:00
449,00:00:00,51.459856976095,-0.19927318220096,12:00:00
450,00:00:00,51.515147,-0.121914,09:00:00
451,23:00:00,51.513017,-0.101334,11:00:00
452,23:00:00,51.4586386,-0.185662,12:00:00
453,00:00:00,51.5268576,-0.0622461,11:30:00
454,23:00:00,51.5431675709349,-0.0953938063705964,17:00:00
455,23:00:00,51.5138459,-0.0387803,12:00:00
456,00:00:00,51.5227806,-0.1062744,12:00:00
457,23:00:00,51.496763151387,-0.13323024067782,12:00:00
458,23:00:00,51.5228746148066,-0.124576864484469,10:00:00
459,23:00:00,51.5021430174314,-0.0875034824588586,12:00:00
460,23:00:00,51.4893336233425,-0.209409908160383,12:00:00
461,23:00:00,51.4991741615558,-0.112677261993705,12:00:00
462,23:00:00,51.464605,-0.218503,12:00:00
463,00:00:00,51.4933447535418,-0.175905324689021,11:00:00
464,23:30:00,51.520642355656,-0.20057591323859,12:00:00
465,23:30:00,51.495105,-0.244664,11:00:00
466,23:00:00,51.4822679628624,-0.009784724554393,10:00:00
467,02:00:00,51.526747,-0.108994,11:30:00
468,23:30:00,51.5427837,-0.1393809,12:00:00
469,00:00:00,51.496093,-0.2042162,12:00:00
470,23:30:00,51.456735500619,-0.18941637490385,07:00:00
471,00:00:00,51.520493802992,-0.08496639228728,11:00:00
472,00:00:00,51.5282098,-0.1288101,11:30:00
473,23:30:00,51.5128026215037,-0.123864083943687,10:00:00
474,23:00:00,51.5144458,-0.1561381,11:00:00
475,00:00:00,51.574941574868,-0.1497903565446,16:30:00
476,00:00:00,51.562088795139,-0.080561564657944,16:00:00
477,00:00:00,51.4198989868164,-0.079364001750946,12:00:00
478,23:00:00,51.513832974369,-0.13961197274887,11:00:00
479,00:00:00,51.5084959619298,-0.275055793474224,12:00:00
480,00:00:00,51.5070724,-0.1082155,07:00:00
481,23:00:00,51.531521,-0.051674,11:00:00
482,23:00:00,51.528339,-0.051333,11:00:00
483,00:00:00,51.4742902,-0.0941887,17:00:00
484,23:00:00,51.489834260088,-0.13151611338498,11:00:00
485,23:30:00,51.5172137,-0.1505589,12:00:00
486,00:00:00,51.5646385263669,-0.121758618616122,16:00:00
487,23:00:00,51.51289,-0.13943,11:00:00
488,23:00:00,51.504597,-0.033988,12:00:00
489,00:00:00,51.4885783958466,-0.12484073638916,11:30:00
490,00:00:00,51.5154911354436,-0.127867034076388,09:00:00
491,23:00:00,51.527876025712,-0.13665294408621,09:00:00
492,23:00:00,51.5097151666184,-0.151594777654787,11:00:00
493,00:00:00,51.459558439278,-0.12661726406018,12:00:00
494,23:00:00,51.506669,-0.146341,11:00:00
495,00:30:00,51.45974,-0.131395,12:00:00
496,23:00:00,51.49368,-0.194622,11:00:00
497,23:00:00,51.4943405,-0.2301763,11:00:00
498,23:00:00,51.501124262873,-0.1101608136564,12:00:00
499,23:00:00,51.5055669,-0.0899178,11:00:00
500,23:00:00,51.5222015380859,-0.110913001000881,12:00:00
501,23:30:00,51.5150669520516,-0.141238811051578,11:00:00
502,22:00:00,51.485214,-0.167563,12:00:00
503,23:00:00,51.4924127,-0.1397793,11:00:00
504,23:00:00,51.482109601078,-0.223303757127485,12:00:00
505,23:00:00,51.5227119,-0.1163651,11:00:00
506,23:00:00,51.503931028895,-0.11317771718773,11:00:00
507,23:00:00,51.57064129213,-0.14769848975254,12:00:00
508,00:00:00,51.5253258,-0.0710235,12:00:00
509,23:00:00,51.569771375288,-0.12363162986186,12:00:00
510,23:30:00,51.485942402409,-0.18399636886425,12:00:00
511,00:00:00,51.464652,-0.0654232,10:00:00
512,23:00:00,51.463833,-0.168347,11:00:00
513,23:00:00,51.5441064606704,-0.15295765739638,12:00:00
514,23:00:00,51.5284055238742,-0.119490600329301,11:00:00
515,01:00:00,51.5258485362818,-0.0996423324111786,10:00:00
516,23:00:00,51.4599469934579,-0.113112103736175,16:00:00
517,00:00:00,51.5415591967847,-0.0378509928375479,12:00:00
518,04:00:00,51.512625,-0.139124,11:00:00
519,23:00:00,51.5154911354436,-0.127867034076388,12:00:00
520,23:00:00,51.51473,-0.117203,11:00:00
521,23:00:00,51.530107233671,-0.22640969036573,12:00:00
522,23:00:00,51.514855,-0.133484,11:00:00
523,00:00:00,51.4802986,-0.1973315,12:00:00
524,00:00:00,51.5460543442144,-0.102022786508314,16:00:00
525,23:00:00,51.5523661,-0.16724,11:00:00
526,23:00:00,51.587843,-0.020732,10:00:00
527,23:30:00,51.513301,-0.187492,11:00:00
528,23:00:00,51.5123685,-0.126904,11:00:00
529,00:00:00,51.557264,-0.112692,12:00:00
530,23:00:00,51.5147650067045,-0.16106785416687,11:00:00
531,23:30:00,51.511277859519,-0.12547762014086,11:00:00
532,23:30:00,51.536714646322,-0.10127756505536,12:00:00
533,23:00:00,51.5220998,-0.1187982,12:00:00
534,00:00:00,51.5075393,-0.0249459,09:00:00
535,00:00:00,51.528249,-0.092396,11:00:00
536,23:00:00,51.5436918,-0.0900455,12:00:00
537,00:00:00,51.5463878,-0.0737414,16:00:00
538,23:00:00,51.51873308047,-0.13588693494383,12:00:00
539,23:00:00,51.557515179263,-0.13213746199869,08:00:00
540,23:00:00,51.5127318,-0.0847624,09:00:00
541,00:00:00,51.5453397,-0.0632402,17:00:00
542,23:00:00,51.460009928036,-0.21273483952618,12:00:00
543,00:00:00,51.463894368297,-0.070444653351838,12:00:00
544,23:00:00,51.5546832,-0.1446874,12:00:00
545,00:00:00,51.493255546819,-0.11065703387392,12:00:00
546,00:00:00,51.5432942,-0.1034354,09:00:00
547,23:00:00,51.508239,-0.136492,11:30:00
548,23:00:00,51.4813733,-0.1982668,11:00:00
549,22:00:00,51.526398,-0.162271,17:30:00
550,23:00:00,51.512679,-0.145981,12:00:00
551,23:00:00,51.5669706786338,-0.108245629127386,12:00:00
552,23:00:00,51.498524113763,-0.083870786352587,16:00:00
553,00:00:00,51.48914094007,-0.1108737893124,12:00:00
554,00:00:00,51.513183837502,-0.14848386115582,07:30:00
555,23:00:00,51.5019149780273,-0.0981649979948998,12:00:00
556,23:00:00,51.4811668395996,-0.199539005756378,11:00:00
557,00:00:00,51.57457,-0.01136,11:00:00
558,23:00:00,51.4663405,-0.1429169,17:00:00
559,00:00:00,51.5763094293488,-0.143852233886719,17:00:00
560,23:00:00,51.52211,-0.183769,12:00:00
561,23:00:00,51.463751442705,-0.14128651701909,11:00:00
562,00:00:00,51.495349,-0.142464,07:00:00
563,23:00:00,51.598738,-0.138681,12:00:00
564,23:00:00,51.515675679578,-0.13668443798034,11:00:00
565,00:00:00,51.464056546908,-0.162563286998519,12:00:00
566,01:00:00,51.5423317678967,-0.0760137393303717,15:00:00
567,00:00:00,51.4755131091135,-0.0368919109047954,12:00:00
568,23:00:00,51.474908,-0.039671,11:30:00
569,23:00:00,51.513262969094,-0.092551766802385,09:00:00
570,00:00:00,51.5556538804865,-0.115542213581375,08:00:00
571,23:00:00,51.497408129086,-0.10391774390391,12:00:00
572,22:00:00,51.5708073502126,-0.115301857916585,18:00:00
573,23:00:00,51.4942002,-0.1558228,12:00:00
574,00:00:00,51.516278634291,-0.10929885783682,11:00:00
575,23:00:00,51.4725869,-0.1629148,12:00:00
576,00:00:00,51.525764142182,-0.10964800149272,11:00:00
577,00:00:00,51.504644188088,-0.083509409698753,11:00:00
578,23:00:00,51.5192351822868,-0.153267634714851,10:00:00
579,00:00:00,51.5281785376844,-0.10463967172615,12:00:00
580,23:00:00,51.526980421533,-0.030108426755411,11:00:00
581,23:00:00,51.457455384358,-0.16599480425884,12:00:00
582,01:00:00,51.5398446,-0.0561314,16:00:00
583,00:00:00,51.4607041005218,-0.167561857618701,17:00:00
584,23:00:00,51.514919670218,-0.1373237254949,11:00:00
585,23:00:00,51.5061708031662,-0.0886691196764764,11:00:00
586,23:00:00,51.510556192399,-0.13755833286738,11:00:00
587,23:00:00,51.507248090074,-0.27181227216333,16:30:00
588,23:30:00,51.470349,-0.050436,17:00:00
589,23:00:00,51.501339811356,-0.10758087707671,11:00:00
590,01:00:00,51.540488,-0.1441771,10:00:00
591,23:00:00,51.5162768,-0.187723,12:00:00
592,23:00:00,51.5169984026106,-0.172877321583189,11:00:00
593,00:00:00,51.542065461702,-0.058184306281497,12:00:00
594,00:00:00,51.508227,-0.12384,10:00:00
595,23:00:00,51.5674672406858,-0.182561874389648,11:00:00
596,23:00:00,51.517749530552,-0.12579317416898,11:00:00
597,23:00:00,51.5196516646557,-0.155542052602799,11:00:00
598,23:00:00,51.500629,-0.130117,11:00:00
599,23:00:00,51.521978107742,-0.11726659791015,11:00:00
600,00:00:00,51.520195940946,-0.056260077765391,09:00:00
601,00:00:00,51.4738254,-0.0907751,11:00:00
602,23:00:00,51.512912,-0.123686,10:00:00
603,23:00:00,51.5129052,-0.1322901,12:00:00
604,23:00:00,51.5192787,-0.0987106,11:00:00
605,00:00:00,51.444813530168,-0.15223058730877,17:00:00
606,00:00:00,51.4655771,-0.1410531,12:00:00
607,23:00:00,51.4612846374512,-0.17383399605751,10:00:00
608,23:00:00,51.4968262,-0.1480833,11:00:00
609,23:00:00,51.4914587,-0.1391278,11:00:00
610,23:00:00,51.514601,-0.131102,11:00:00
611,23:00:00,51.5817299,-0.1262687,12:00:00
612,23:00:00,51.533101,-0.105473,11:00:00
613,00:00:00,51.578204235655,-0.12429540270202,12:00:00
614,23:00:00,51.474281730027,-0.20725437390502,12:00:00
615,00:00:00,51.4483289,-0.1510918,12:00:00
616,23:00:00,51.5618717,-0.0457816,11:00:00
617,23:00:00,51.5187507270792,-0.119297356392394,12:00:00
618,23:00:00,51.526862625298,-0.13713131689699,11:00:00
619,23:00:00,51.495836693252,-0.20813204985227,07:00:00
620,23:00:00,51.4645114915794,-0.216627913240619,11:00:00
621,23:00:00,51.465033092659,-0.26454742522125,11:00:00
622,23:00:00,51.486201039803,-0.16516816123327,12:00:00
623,23:00:00,51.4983045,-0.1557526,11:00:00
624,23:00:00,51.5082826827182,-0.296183555997859,11:00:00
625,00:00:00,51.4982948303223,-0.198014006018639,12:00:00
626,02:00:00,51.4630801462281,-0.134839591031597,18:00:00
627,00:00:00,51.4892898,-0.2231911,12:00:00
628,23:00:00,51.517840450294,-0.10973468754778,08:00:00
629,23:30:00,51.473577,-0.173875,12:00:00
630,23:30:00,51.4488258279172,-0.226804978280095,12:00:00
631,23:00:00,51.527901039313,-0.13201057524093,12:00:00
632,23:00:00,51.421302,-0.228285,11:00:00
633,23:00:00,51.506045,-0.219061,10:00:00
634,00:00:00,51.467222,-0.216745,12:00:00
635,23:00:00,51.4614562,-0.1385371,00:00:00
636,23:00:00,51.4788568,-0.1430642,11:00:00
637,23:00:00,51.5053385065378,-0.104137071936846,11:00:00
638,23:00:00,51.486817378945,-0.21572327784755,16:00:00
639,00:00:00,51.5225487,-0.1359236,07:30:00
640,23:00:00,51.527787,-0.08773,08:00:00
641,23:00:00,51.476578513076,-0.14740322041111,12:00:00
642,01:30:00,51.5622596,-0.0789478,13:00:00
643,23:00:00,51.555688277026,-0.17678446983207,11:00:00
644,23:00:00,51.5252377542373,-0.090104644301605,10:00:00
645,23:00:00,51.4755114229791,-0.238991086222721,11:00:00
646,22:00:00,51.511749,-0.089699,11:00:00
647,00:00:00,51.4530322,-0.1026531,12:00:00
648,23:30:00,51.465884419567,-0.13646654905534,16:00:00
649,23:00:00,51.518933326289,-0.07617378127415,11:00:00
650,23:00:00,51.4944018,-0.1684988,12:00:00
651,00:00:00,51.5221698,-0.0452792,09:00:00
652,23:00:00,51.548917199164,-0.12165567816445,11:00:00
653,23:00:00,51.5180235389764,-0.0777789189594569,12:00:00
654,23:00:00,51.5200201,-0.103793,12:00:00
655,23:00:00,51.5634508,-0.142553,12:00:00
656,23:00:00,51.5278393,-0.0803763,12:00:00
657,23:00:00,51.586602281186,-0.16442074003133,12:00:00
658,23:00:00,51.5203403848919,-0.170288935243775,10:00:00
659,23:00:00,51.5232585,-0.0900839,12:00:00
660,23:00:00,51.5340923,-0.2187847,17:00:00
661,23:30:00,51.544128074361,-0.044546263024478,16:00:00
662,00:00:00,51.5705302841139,-0.146188589832491,12:00:00
663,23:00:00,51.4595057518835,-0.134136110052675,16:00:00
664,23:00:00,51.479641685779,-0.16578261514069,12:00:00
665,23:00:00,51.5587915507052,-0.00751097643968408,16:00:00
666,23:00:00,51.4494099711034,-0.0849430706390422,12:00:00
667,23:00:00,51.5498637,0.0244939,16:00:00
668,23:30:00,51.516948,-0.135604,12:00:00
669,23:00:00,51.56791,0.010998,12:00:00
670,23:30:00,51.50703,-0.127161,12:00:00
671,23:00:00,51.464426,-0.136953,18:00:00
672,23:30:00,51.46893203059,-0.25156999355464,12:00:00
673,23:00:00,51.5900901888228,-0.225994491601568,09:30:00
674,23:00:00,51.535448505439,-0.1660665601002,11:00:00
675,00:00:00,51.5174056980522,-0.156086785873809,10:00:00
676,23:00:00,51.420007,-0.202849,11:00:00
677,23:00:00,51.525035,-0.090498,08:00:00
678,23:00:00,51.492752,-0.262297,12:00:00
679,23:00:00,51.590199524905,-0.017139120767138,12:00:00
680,00:00:00,51.5775092,-0.1464337,11:45:00
681,23:00:00,51.469390294723,0.010472084094666,11:00:00
682,00:00:00,51.5324280729791,-0.00863272963337991,10:00:00
683,23:00:00,51.4657592,-0.1255676,12:00:00
684,23:00:00,51.5893505673245,-0.164143766444893,12:00:00
685,23:00:00,51.4973732,-0.2228846,07:00:00
686,23:00:00,51.5501246230722,-0.108811855316162,16:00:00
687,23:00:00,51.4794442237728,-0.00792765698820413,10:00:00
688,23:00:00,51.5224757881348,-0.25868758582487,11:00:00
689,23:00:00,51.5181076,-0.1657013,11:00:00
690,23:00:00,51.5588269303217,-0.177527714022081,12:00:00
691,23:00:00,51.5016,-0.16254,11:00:00
692,23:00:00,51.4567564,-0.145756,11:00:00
693,23:30:00,51.5103298,-0.1293701,09:00:00
694,23:00:00,51.5439825439591,-0.00872310652980657,11:00:00
695,23:00:00,51.503883,-0.100388,12:00:00
696,00:00:00,51.4833748666502,-0.170318363827835,12:00:00
697,00:00:00,51.446838437648,-0.14903902760683,12:00:00
698,23:00:00,51.496212375272,0.010249752490199,11:00:00
699,00:00:00,51.4810364963427,-0.0200770050287247,12:00:00
700,23:00:00,51.4219468,-0.2079992,10:00:00
701,23:00:00,51.5012344911055,-0.087197609806578,11:00:00
702,00:00:00,51.4740524,-0.0902971,12:00:00
703,23:00:00,51.4530802,-0.0001496,12:00:00
704,23:00:00,51.5157454,-0.070764,11:00:00
705,23:00:00,51.494947720592,-0.130818391464269,11:00:00
706,23:00:00,51.5123521,-0.1014587,12:00:00
707,00:00:00,51.4751603577231,-0.0286462959780626,16:00:00
708,23:00:00,51.4559564344048,-0.0759975418696755,12:00:00
709,23:00:00,51.516636,-0.2057331,12:00:00
710,23:00:00,51.4494249312142,-0.0743145756302965,12:00:00
711,23:30:00,51.54556606735,-0.10351681825145,11:00:00
712,23:00:00,51.512747150406,-0.066879250169381,11:00:00
713,00:00:00,51.5610615,-0.0740876,08:00:00
714,23:00:00,51.546033,-0.056014,12:00:00
715,23:30:00,51.5034972538101,-0.0227977126866508,10:00:00
716,00:00:00,51.5337485,-0.105875,09:00:00
717,23:00:00,51.579701,0.024299,12:00:00
718,23:00:00,51.5805244445801,-0.122481003403664,12:00:00
719,23:00:00,51.472541337361,-0.200279310719685,11:00:00
720,00:00:00,51.5417587,-0.0976421,12:00:00
721,23:00:00,51.4597091674805,-0.0666090026497841,09:00:00
722,23:00:00,51.488632017906,-0.16261128878498,11:00:00
723,00:00:00,51.5349922180176,-0.139308005571365,12:00:00
724,23:00:00,51.464775,-0.211312,12:00:00
725,22:30:00,51.542751913973,-0.079210822664547,17:00:00
726,23:00:00,51.5224943,-0.0927714,11:00:00
727,23:00:00,51.519109,-0.099836,12:00:00
728,00:00:00,51.457536,-0.0712761,12:00:00
729,23:30:00,51.5258237,-0.0657789,12:00:00
730,23:30:00,51.5097487941883,-0.125813892799235,12:00:00
731,01:00:00,51.5264282226563,-0.0782869979739189,11:00:00
732,11:00:00,51.523029750353,-0.14196201604726,11:00:00
733,23:00:00,51.476061,-0.022673,13:00:00
734,23:00:00,51.518107,-0.151426,11:00:00
735,23:00:00,51.529283973369,-0.038290506798089,07:00:00
736,23:00:00,51.4428413851715,-0.189201588709205,12:00:00
737,23:00:00,51.510595,-0.137045,11:00:00
738,23:00:00,51.508889,0.025021,09:00:00
739,23:00:00,51.5095608248268,-0.0841943474874865,11:00:00
740,23:00:00,51.4260812,-0.1658628,16:00:00
741,23:00:00,51.4618123,-0.137539,12:00:00
742,23:00:00,51.5471431,-0.1295435,12:00:00
743,22:00:00,51.5176811218262,-0.0888170003890991,10:00:00
744,23:00:00,51.5510977,-0.140691,12:00:00
745,23:00:00,51.5005327,-0.097151,12:00:00
746,23:00:00,51.546096,-0.190962,11:00:00
747,00:00:00,51.464637,-0.097469,16:00:00
748,23:00:00,51.540724,-0.103051,16:00:00
749,23:00:00,51.480214,-0.009819,12:00:00
750,23:30:00,51.4956187,-0.2700591,12:00:00
751,23:00:00,51.511855,-0.088552,12:00:00
752,23:00:00,51.4596977233887,-0.166209995746613,11:00:00
753,23:00:00,51.5350621,-0.1046321,11:00:00
754,23:00:00,51.500867,-0.239594,12:00:00
755,01:00:00,51.49409,-0.167596,07:00:00
756,23:00:00,51.4986181285661,-0.139549970626831,11:00:00
757,00:00:00,51.536349393253,-0.12204283764421,11:30:00
758,23:00:00,51.507121708704,-0.137445976403305,11:30:00
759,23:00:00,51.5065042,-0.1270271,11:00:00
760,21:00:00,51.51269,-0.083405,17:30:00
761,23:00:00,51.584118090716,-0.011300126090885,12:00:00
762,23:00:00,51.515824,-0.075504,11:00:00
763,23:00:00,51.4680927798387,-0.0012936455077579,12:00:00
764,23:00:00,51.417585,-0.179135,12:00:00
765,01:00:00,51.510123254112,-0.12932301870751,09:00:00
766,23:30:00,51.4608574445586,-0.16344571846382,12:00:00
767,23:00:00,51.523725024662,-0.14105867231412,10:00:00
768,23:00:00,51.5303976,-0.0926085,12:00:00
769,23:00:00,51.4735340420663,-0.249977327343051,11:00:00
770,01:30:00,51.4937057,-0.1752535,13:00:00
771,23:00:00,51.5537978049617,-0.0886401595388845,16:00:00
772,23:00:00,51.512646427132,-0.13659189201474,12:00:00
773,23:30:00,51.5424206,-0.1548863,10:30:00
774,23:00:00,51.504194974363,-0.14906557520382,11:00:00
775,22:00:00,51.5301344378219,-0.069697453967251,17:00:00
776,23:00:00,51.4816033878859,-0.00887274742126465,11:00:00
777,23:00:00,51.4737196418359,-0.088365008390042,17:00:00
778,00:00:00,51.46441,-0.132016,12:00:00
779,22:30:00,51.5194606679875,-0.106917340475434,12:00:00
780,23:30:00,51.5151072,-0.1231064,12:00:00
781,23:00:00,51.5006731838995,-0.059073589341151,12:00:00
782,00:00:00,51.518877,-0.100557,11:30:00
783,01:00:00,51.5598091414,-0.21915721598924,13:00:00
784,23:00:00,51.519961,-0.143159,11:00:00
785,00:00:00,51.4815307714817,-0.0111136095257083,08:00:00
786,00:00:00,51.473844685698,-0.09258676199715,16:00:00
787,23:00:00,51.426229,-0.2170886,12:00:00
788,23:30:00,51.5151298,-0.1302076,12:00:00
789,00:00:00,51.5052929646576,-0.224742732776534,11:00:00
790,01:00:00,51.5683597,-0.1365993,17:00:00
791,23:00:00,51.5270201,-0.0608144,16:00:00
792,23:30:00,51.513451209901,-0.29839208829477,09:00:00
793,23:00:00,51.5157925,-0.0891038,11:00:00
794,23:00:00,51.528383754484,-0.0334809375580107,12:00:00
795,23:00:00,51.428168051781,-0.13228071385881,09:00:00
796,23:00:00,51.5362615,-0.0802206,12:00:00
797,23:00:00,51.4928242,-0.2328192,11:00:00
798,00:00:00,51.524764803371,-0.081974499743276,11:00:00
799,23:00:00,51.533416,-0.064727,12:00:00
800,23:00:00,51.5136722,-0.1002688,12:00:00
801,23:00:00,51.480804379663,-0.0084229820254662,11:00:00
802,00:00:00,51.5404115369561,-0.142362579516544,12:00:00
803,23:00:00,51.4675861,-0.0233828,12:00:00
804,23:30:00,51.4259636923641,-0.0484078768582028,12:00:00
805,23:30:00,51.54504840626,-0.068200989883502,17:00:00
806,23:00:00,51.5069251430559,-0.140524206813325,11:00:00
807,23:00:00,51.562706,-0.063225,14:00:00
808,23:00:00,51.4592576,-0.1983221,12:00:00
809,23:00:00,51.479177757129,-0.182539044954,11:00:00
810,23:30:00,51.589887,-0.105912,09:00:00
811,23:00:00,51.490291767241,-0.277891157953,12:00:00
812,23:00:00,51.458359561974,-0.052116603262463,16:00:00
813,00:00:00,51.4896035,-0.1120572,12:00:00
814,23:00:00,51.4451548553263,-0.0226582961141707,16:00:00
815,00:00:00,51.5023852554298,-0.0772468166118542,08:00:00
816,23:30:00,51.5423702,0.0028222,09:00:00
817,23:00:00,51.5401896610352,-0.143605470657349,12:00:00
818,22:00:00,51.521775,-0.097271,18:00:00
819,00:00:00,51.5308952,-0.0694349,11:00:00
820,23:30:00,51.510559,-0.18639,10:00:00
821,23:00:00,51.527598855343,-0.077823122869403,17:00:00
822,23:00:00,51.5358047,-0.1394501,07:00:00
823,23:00:00,51.515864,-0.119038,11:00:00
824,22:30:00,51.511889,-0.133591,11:00:00
825,23:00:00,51.5406040524268,-0.196629560852035,09:00:00
826,23:00:00,51.513005892266,-0.093921744815864,11:00:00
827,23:00:00,51.504414498583,-0.090754820413636,10:00:00
828,23:00:00,51.5157178,-0.1743202,12:00:00
829,00:00:00,51.4930877685547,-0.225676000118256,08:00:00
830,23:00:00,51.5224672690562,-0.103785111045113,12:00:00
831,23:00:00,51.495204944444,-0.13796251468522,12:00:00
832,23:00:00,51.4985006,-0.1403199,11:00:00
833,23:30:00,51.5150909,-0.1739967,10:00:00
834,23:30:00,51.52182560682,-0.10817364477263,12:00:00
835,23:00:00,51.544152920013,-0.06561294346439,16:00:00
836,23:00:00,51.5140051,-0.1249191,11:00:00
837,23:00:00,51.517164966724,-0.079195633632182,11:00:00
838,23:00:00,51.4799653384186,-0.202622916164015,11:00:00
839,23:00:00,51.4539246915137,-0.164071269011724,12:00:00
840,23:30:00,51.562552779939,-0.13646863281437,12:00:00
841,23:00:00,51.5265067249758,-0.129324132368221,12:00:00
